id,stance_llm
0,neutral
1,negative
2,negative
3,positive
4,neutral
5,positive
6,positive
7,neutral
8,neutral
9,positive
10,neutral
11,positive
12,neutral
13,positive
14,positive
15,neutral
16,positive
17,positive
18,positive
19,neutral
20,negative
21,neutral
22,neutral
23,neutral
24,neutral
25,positive
26,positive
27,positive
28,negative
29,neutral
30,neutral
31,positive
32,neutral
33,positive
34,neutral
35,positive
36,neutral
37,positive
38,neutral
39,positive
40,positive
41,positive
42,negative
43,positive
44,neutral
45,neutral
46,positive
47,neutral
48,positive
49,neutral
50,neutral
51,positive
52,positive
53,negative
54,neutral
55,neutral
56,neutral
57,positive
58,positive
59,neutral
60,neutral
61,positive
62,positive
63,neutral
64,neutral
65,negative
66,neutral
67,negative
68,neutral
69,neutral
70,negative
71,neutral
72,negative
73,positive
74,neutral
75,neutral
76,neutral
77,positive
78,positive
79,positive
80,negative
81,neutral
82,neutral
83,positive
84,positive
85,positive
86,neutral
87,neutral
88,positive
89,neutral
90,positive
91,neutral
92,neutral
93,neutral
94,neutral
95,neutral
96,neutral
97,neutral
98,positive
99,negative
100,neutral
101,positive
102,neutral
103,neutral
104,neutral
105,negative
106,neutral
107,positive
108,neutral
109,neutral
110,positive
111,neutral
112,neutral
113,positive
114,negative
115,positive
116,positive
117,neutral
118,negative
119,neutral
120,neutral
121,negative
122,neutral
123,neutral
124,neutral
125,positive
126,neutral
127,positive
128,neutral
129,neutral
130,neutral
131,neutral
132,positive
133,neutral
134,neutral
135,positive
136,negative
137,negative
138,neutral
139,positive
140,positive
141,positive
142,positive
143,positive
144,positive
145,positive
146,positive
147,positive
148,neutral
149,neutral
150,neutral
151,positive
152,neutral
153,neutral
154,neutral
155,neutral
156,positive
157,neutral
158,neutral
159,neutral
160,neutral
161,neutral
162,neutral
163,neutral
164,positive
165,positive
166,neutral
167,neutral
168,neutral
169,neutral
170,neutral
171,neutral
172,neutral
173,negative
174,neutral
175,neutral
176,positive
177,negative
178,neutral
179,neutral
180,neutral
181,neutral
182,positive
183,neutral
184,positive
185,neutral
186,positive
187,neutral
188,positive
189,neutral
190,neutral
191,positive
192,neutral
193,neutral
194,neutral
195,neutral
196,positive
197,neutral
198,neutral
199,positive
200,positive
201,negative
202,neutral
203,positive
204,neutral
205,positive
206,neutral
207,positive
208,positive
209,negative
210,neutral
211,neutral
212,positive
213,positive
214,neutral
215,neutral
216,neutral
217,neutral
218,neutral
219,neutral
220,neutral
221,neutral
222,neutral
223,neutral
224,neutral
225,neutral
226,positive
227,positive
228,neutral
229,positive
230,negative
231,positive
232,negative
233,neutral
234,neutral
235,positive
236,positive
237,neutral
238,positive
239,neutral
240,neutral
241,positive
242,neutral
243,neutral
244,positive
245,neutral
246,neutral
247,positive
248,neutral
249,positive
250,neutral
251,negative
252,positive
253,negative
254,neutral
255,neutral
256,positive
257,neutral
258,negative
259,neutral
260,positive
261,neutral
262,neutral
263,negative
264,neutral
265,negative
266,neutral
267,negative
268,neutral
269,neutral
270,neutral
271,neutral
272,positive
273,neutral
274,negative
275,positive
276,neutral
277,positive
278,neutral
279,negative
280,positive
282,neutral
283,positive
284,neutral
285,neutral
286,positive
287,positive
288,positive
289,neutral
290,positive
291,neutral
292,neutral
293,neutral
294,neutral
295,positive
296,negative
297,neutral
298,neutral
299,negative
300,neutral
301,neutral
302,neutral
303,neutral
304,neutral
305,positive
306,positive
307,positive
308,negative
309,positive
310,negative
311,neutral
312,neutral
313,neutral
314,neutral
315,neutral
316,neutral
317,positive
318,neutral
319,neutral
320,neutral
321,positive
322,neutral
323,neutral
324,neutral
325,neutral
326,positive
327,neutral
328,neutral
329,neutral
330,negative
331,neutral
332,positive
333,neutral
334,neutral
335,neutral
336,neutral
337,negative
338,neutral
339,neutral
340,neutral
341,neutral
342,negative
343,neutral
344,negative
345,positive
346,neutral
347,positive
348,negative
349,positive
350,neutral
351,negative
352,neutral
353,positive
354,neutral
355,neutral
356,neutral
357,positive
358,neutral
359,positive
360,neutral
361,positive
362,neutral
363,neutral
364,neutral
365,positive
366,neutral
367,neutral
368,neutral
369,neutral
370,neutral
371,neutral
372,neutral
373,neutral
374,negative
375,positive
376,neutral
377,neutral
378,negative
379,positive
380,neutral
381,neutral
382,neutral
383,negative
384,neutral
385,negative
386,neutral
387,neutral
388,neutral
389,neutral
390,neutral
391,neutral
392,neutral
393,neutral
394,neutral
395,positive
396,neutral
397,positive
398,positive
399,neutral
400,neutral
401,positive
402,neutral
403,negative
404,neutral
405,negative
406,neutral
407,neutral
408,neutral
409,neutral
410,neutral
411,neutral
412,neutral
413,positive
414,positive
415,neutral
416,neutral
417,neutral
418,positive
419,neutral
420,neutral
421,negative
422,negative
423,negative
424,neutral
425,neutral
426,positive
427,negative
428,neutral
429,neutral
430,neutral
431,neutral
432,neutral
433,neutral
434,neutral
435,neutral
436,positive
437,neutral
438,positive
439,positive
440,positive
441,neutral
442,neutral
443,neutral
444,neutral
445,positive
446,neutral
447,positive
448,neutral
449,negative
450,positive
451,positive
452,positive
453,neutral
454,neutral
455,neutral
456,neutral
457,neutral
458,neutral
459,positive
460,neutral
461,neutral
462,neutral
463,positive
464,positive
465,neutral
466,neutral
467,neutral
468,neutral
469,positive
470,positive
471,positive
472,negative
473,neutral
474,positive
475,negative
476,positive
477,neutral
478,neutral
479,neutral
480,positive
481,neutral
482,neutral
483,positive
484,neutral
485,neutral
486,negative
487,neutral
488,positive
489,neutral
490,neutral
491,neutral
492,positive
493,positive
494,neutral
495,neutral
496,neutral
497,positive
498,neutral
499,neutral
500,neutral
501,positive
502,neutral
503,positive
504,positive
505,positive
506,positive
507,neutral
508,positive
509,neutral
510,neutral
511,neutral
512,neutral
513,neutral
514,positive
515,positive
516,neutral
517,neutral
518,neutral
519,neutral
520,negative
521,negative
522,negative
523,negative
524,neutral
525,positive
526,positive
527,neutral
528,negative
529,neutral
530,neutral
531,positive
532,neutral
533,positive
534,neutral
535,neutral
536,neutral
537,neutral
538,neutral
539,neutral
540,negative
541,neutral
542,neutral
543,neutral
544,neutral
545,neutral
546,positive
547,neutral
548,neutral
549,negative
550,neutral
551,neutral
552,neutral
553,neutral
554,positive
555,neutral
556,neutral
557,neutral
558,neutral
559,neutral
560,neutral
561,neutral
562,positive
563,neutral
564,neutral
565,positive
566,positive
567,neutral
568,neutral
569,negative
570,negative
571,positive
572,neutral
573,positive
574,neutral
575,negative
576,neutral
577,positive
578,neutral
579,positive
580,neutral
581,positive
582,neutral
583,positive
584,neutral
585,negative
586,positive
587,positive
588,neutral
589,neutral
590,neutral
591,negative
592,neutral
593,neutral
594,neutral
595,negative
596,neutral
597,negative
598,neutral
599,positive
600,positive
601,neutral
602,positive
603,neutral
604,neutral
605,neutral
606,positive
607,neutral
608,positive
609,positive
610,negative
611,negative
612,neutral
613,neutral
614,neutral
615,neutral
616,neutral
617,neutral
618,neutral
619,neutral
620,positive
621,neutral
622,positive
623,neutral
624,positive
625,neutral
626,positive
627,neutral
628,neutral
629,negative
630,neutral
631,positive
632,neutral
633,neutral
634,negative
635,neutral
636,positive
637,positive
638,neutral
639,neutral
640,positive
641,positive
642,positive
643,positive
644,positive
645,neutral
646,positive
647,positive
648,neutral
649,positive
650,positive
651,positive
652,neutral
653,neutral
654,neutral
655,negative
656,neutral
657,positive
658,neutral
659,neutral
660,neutral
661,neutral
662,neutral
663,neutral
664,neutral
665,positive
666,positive
667,neutral
668,neutral
669,neutral
670,neutral
671,neutral
672,neutral
673,neutral
674,neutral
675,positive
676,neutral
677,neutral
678,neutral
679,positive
680,neutral
681,neutral
682,positive
683,neutral
684,negative
685,positive
686,neutral
687,neutral
688,negative
689,neutral
690,positive
691,positive
692,neutral
693,neutral
694,neutral
695,neutral
696,negative
697,positive
698,neutral
699,neutral
700,neutral
701,neutral
702,neutral
703,positive
704,neutral
705,positive
706,positive
707,negative
708,neutral
709,neutral
710,positive
711,positive
712,positive
713,negative
714,positive
715,negative
716,neutral
717,positive
718,neutral
719,neutral
720,neutral
721,neutral
722,neutral
723,neutral
724,neutral
725,neutral
726,positive
727,positive
728,neutral
729,negative
730,neutral
731,neutral
732,positive
733,positive
734,positive
735,positive
736,negative
737,neutral
738,negative
739,positive
740,positive
741,neutral
742,positive
743,neutral
744,neutral
745,neutral
746,positive
747,neutral
748,positive
749,neutral
750,positive
751,positive
752,neutral
753,neutral
754,neutral
755,negative
756,negative
757,neutral
758,negative
759,neutral
760,neutral
761,neutral
762,neutral
763,neutral
764,neutral
765,neutral
766,positive
767,positive
768,neutral
769,neutral
770,neutral
771,neutral
772,neutral
773,negative
774,neutral
775,positive
776,neutral
777,neutral
778,neutral
779,neutral
780,neutral
781,neutral
782,positive
783,neutral
784,neutral
785,neutral
786,negative
787,positive
788,neutral
789,positive
790,positive
791,positive
792,neutral
793,neutral
794,neutral
795,neutral
796,negative
797,neutral
798,neutral
799,positive
800,neutral
801,neutral
802,positive
803,negative
804,neutral
805,neutral
806,neutral
807,positive
808,neutral
809,neutral
810,positive
811,positive
812,positive
813,neutral
814,negative
815,neutral
816,neutral
817,negative
818,positive
819,neutral
820,neutral
821,neutral
822,positive
823,positive
824,neutral
825,negative
826,negative
827,neutral
828,positive
829,neutral
830,neutral
831,negative
832,neutral
833,neutral
834,negative
835,neutral
836,positive
837,neutral
838,positive
839,positive
840,positive
841,neutral
842,negative
843,negative
844,positive
845,neutral
846,positive
847,positive
848,positive
849,neutral
850,neutral
851,neutral
852,neutral
853,neutral
854,neutral
855,negative
856,neutral
857,positive
858,neutral
859,neutral
860,neutral
861,neutral
862,positive
863,neutral
864,neutral
865,positive
866,neutral
867,negative
868,neutral
869,positive
870,neutral
871,neutral
872,negative
873,neutral
874,neutral
875,neutral
876,negative
877,neutral
878,neutral
879,positive
880,neutral
881,negative
882,negative
883,negative
884,positive
885,negative
886,neutral
887,positive
888,neutral
889,positive
890,negative
891,neutral
892,neutral
893,neutral
894,neutral
895,neutral
896,neutral
897,neutral
898,neutral
899,neutral
900,neutral
901,negative
902,neutral
903,neutral
904,neutral
905,neutral
906,positive
907,neutral
908,neutral
909,neutral
910,neutral
911,neutral
912,positive
913,neutral
914,positive
915,neutral
916,neutral
917,neutral
918,neutral
919,neutral
920,positive
921,neutral
922,neutral
923,neutral
924,positive
925,negative
926,positive
927,negative
928,neutral
929,neutral
930,neutral
931,neutral
932,negative
933,neutral
934,positive
935,neutral
936,neutral
937,neutral
938,negative
939,negative
940,neutral
941,negative
942,positive
943,positive
944,negative
945,negative
946,neutral
947,positive
948,neutral
949,neutral
950,neutral
951,neutral
952,neutral
953,neutral
954,neutral
955,neutral
956,positive
957,negative
958,positive
959,neutral
960,neutral
961,positive
962,neutral
963,neutral
964,positive
965,neutral
966,positive
967,neutral
968,positive
969,neutral
970,neutral
971,neutral
972,neutral
973,negative
974,neutral
975,neutral
976,neutral
977,neutral
978,positive
979,neutral
980,positive
981,positive
982,positive
983,neutral
984,neutral
985,neutral
986,neutral
987,positive
988,neutral
989,neutral
990,neutral
991,neutral
992,negative
993,positive
994,positive
995,neutral
996,positive
997,neutral
998,positive
